﻿<?xml version="1.0" encoding="utf-8" ?>
<LocalSoft>
  <Test name="Office评分测试"
     InstallPath="当前计算机获取目录下测试文档纸张大小结果："
     Item="InstallDir" ExeName="OfficeTest" />
  <Word name="Word 2010"
        InstallPath="HKEY_LOCAL_MACHINE\SOFTWARE\Microsoft\Office\14.0\Word\InstallRoot"
        Item="Path" ExeName="WINWORD.EXE"/>
  <Excel name="Excel 2010"
          InstallPath="HKEY_LOCAL_MACHINE\SOFTWARE\Microsoft\Office\14.0\Excel\InstallRoot"
          Item="Path" ExeName="EXCEL.EXE"/>
  <PowerPoint name="PowerPoint 2010"
             InstallPath="HKEY_LOCAL_MACHINE\SOFTWARE\Microsoft\Office\14.0\PowerPoint\InstallRoot"
             Item="Path" ExeName="POWERPNT.EXE"/>
  <Access name="Access 2010"
         InstallPath="HKEY_LOCAL_MACHINE\SOFTWARE\Microsoft\Office\14.0\Access\InstallRoot"
         Item="Path" ExeName="MSACCESS.EXE"/>
  <VB6 name="Visual Basic 6.0"
       InstallPath="HKEY_LOCAL_MACHINE\SOFTWARE\Microsoft\VisualStudio\6.0\Setup\Microsoft Visual Basic"
       Item="ProductDir" ExeName="VB6.EXE" />
  <VF6 name="Visual FoxPro 6.0"
      InstallPath="HKEY_LOCAL_MACHINE\SOFTWARE\Microsoft\VisualStudio\6.0\Setup\Microsoft Visual FoxPro"
      Item="ProductDir" ExeName="VFP6.EXE" />
  <VF9 name="Visual FoxPro 9.0"
      InstallPath="HKEY_LOCAL_MACHINE\SOFTWARE\Microsoft\VisualStudio\9.0\Setup\Microsoft Visual FoxPro"
      Item="ProductDir" ExeName="VFP9.EXE" />
  <VS10 name="Visual Studio 2010 "
     InstallPath="HKEY_LOCAL_MACHINE\SOFTWARE\Microsoft\VisualStudio\10.0"
     Item="InstallDir" ExeName="devenv.exe" />
  <PW name="Python 3.x"
     InstallPath=""
     Item="InstallDir" ExeName="PwTest" />
  
</LocalSoft>